clip_id,frames,duration_s,ground_offset_m
CMU_001_01,913,22.825,0.12521
CMU_002_01,111,2.775,0.14386
CMU_002_02,95,2.375,0.10671
CMU_002_03,53,1.325,0.13858
CMU_002_04,157,3.925,0.14658
CMU_005_01,195,4.875,0.15995
CMU_006_01,160,4.0,0.12368
CMU_006_02,237,5.925,0.11692
CMU_006_03,172,4.3,0.15159
CMU_006_04,128,3.2,0.12498
CMU_006_05,124,3.1,0.14307
CMU_006_06,130,3.25,0.12424
CMU_006_07,188,4.7,0.1117
CMU_006_08,110,2.75,0.0896
CMU_006_09,97,2.425,0.12468
CMU_006_10,367,9.175,0.13599
CMU_006_11,379,9.475,0.14237
CMU_006_12,404,10.1,0.13003
CMU_006_13,1631,40.775,0.07682
CMU_006_14,156,3.9,0.14641
CMU_006_15,178,4.45,0.13741
CMU_007_01,101,2.525,0.13642
CMU_007_02,106,2.65,0.11342
CMU_007_03,135,3.375,0.1505
CMU_007_04,146,3.65,0.14527
CMU_007_05,169,4.225,0.1292
CMU_007_06,135,3.375,0.13647
CMU_007_07,123,3.075,0.1254
CMU_007_08,117,2.925,0.11865
CMU_007_09,98,2.45,0.12631
CMU_007_10,97,2.425,0.11946
CMU_007_11,101,2.525,0.10175
CMU_007_12,84,2.1,0.11535
CMU_008_01,88,2.2,0.08475
CMU_008_02,99,2.475,0.11781
CMU_008_03,114,2.85,0.12004
CMU_008_04,158,3.95,0.12674
CMU_008_05,95,2.375,0.07589
CMU_008_06,94,2.35,0.10975
CMU_008_07,97,2.425,0.02019
CMU_008_08,91,2.275,0.10879
CMU_008_09,94,2.35,0.12464
CMU_008_10,88,2.2,0.11981
CMU_008_11,121,3.025,0.05085
CMU_009_01,45,1.125,0.11945
CMU_009_02,39,0.975,0.12379
CMU_009_03,39,0.975,0.10156
CMU_009_04,42,1.05,0.10549
CMU_009_05,44,1.1,0.12786
CMU_009_06,43,1.075,0.12015
CMU_009_07,43,1.075,0.13298
CMU_009_08,39,0.975,0.11864
CMU_009_09,46,1.15,0.13311
CMU_009_10,40,1.0,0.13704
CMU_009_11,51,1.275,0.11944
CMU_009_12,635,15.875,0.12797
CMU_010_04,180,4.5,0.14339
CMU_013_11,135,3.375,0.13587
CMU_013_13,142,3.55,0.12779
CMU_013_19,139,3.475,0.12416
CMU_013_26,1005,25.125,0.14415
CMU_013_27,1385,34.625,0.15038
CMU_013_28,1370,34.25,0.15837
CMU_013_29,1527,38.175,0.13664
CMU_013_30,818,20.45,0.13239
CMU_013_31,1002,25.05,0.16161
CMU_013_32,109,2.725,0.13989
CMU_013_39,114,2.85,0.12343
CMU_013_40,103,2.575,0.13665
CMU_013_41,120,3.0,0.12565
CMU_013_42,129,3.225,0.11821
CMU_014_06,1781,44.525,0.10551
CMU_014_07,735,18.375,0.15271
CMU_014_08,871,21.775,0.13788
CMU_014_09,1092,27.3,0.12414
CMU_014_14,1547,38.675,0.13718
CMU_014_20,1544,38.6,0.14833
CMU_014_24,1231,30.775,0.14433
CMU_014_25,1475,36.875,0.13662
CMU_014_26,1570,39.25,0.1519
CMU_015_01,1838,45.95,0.09263
CMU_015_03,4179,104.475,0.12992
CMU_015_04,7513,187.825,0.07651
CMU_015_05,7646,191.15,0.12031
CMU_015_06,1197,29.925,0.16492
CMU_015_07,1828,45.7,0.13676
CMU_015_08,1282,32.05,0.16038
CMU_015_09,2621,65.525,0.12398
CMU_015_12,3025,75.625,0.14305
CMU_015_14,2997,74.925,0.12651
CMU_016_01,104,2.6,0.14985
CMU_016_02,152,3.8,0.15062
CMU_016_03,133,3.325,0.14566
CMU_016_04,123,3.075,0.14772
CMU_016_05,94,2.35,0.14487
CMU_016_06,131,3.275,0.1434
CMU_016_07,136,3.4,0.14208
CMU_016_08,76,1.9,0.15212
CMU_016_09,161,4.025,0.14516
CMU_016_10,150,3.75,0.14378
CMU_016_11,175,4.375,0.15444
CMU_016_12,143,3.575,0.15492
CMU_016_13,145,3.625,0.15453
CMU_016_14,154,3.85,0.1599
CMU_016_15,153,3.825,0.15772
CMU_016_16,166,4.15,0.15795
CMU_016_17,169,4.225,0.15496
CMU_016_18,170,4.25,0.15633
CMU_016_19,133,3.325,0.14379
CMU_016_20,164,4.1,0.14656
CMU_016_21,100,2.5,0.14655
CMU_016_22,99,2.475,0.14633
CMU_016_23,95,2.375,0.14331
CMU_016_24,95,2.375,0.14989
CMU_016_25,91,2.275,0.14498
CMU_016_26,86,2.15,0.13635
CMU_016_27,78,1.95,0.14447
CMU_016_28,87,2.175,0.14488
CMU_016_29,91,2.275,0.18378
CMU_016_30,85,2.125,0.12997
CMU_016_31,137,3.425,0.15266
CMU_016_32,189,4.725,0.15381
CMU_016_33,91,2.275,0.1554
CMU_016_34,112,2.8,0.14919
CMU_016_35,50,1.25,0.13923
CMU_016_36,60,1.5,0.13377
CMU_016_37,57,1.425,0.13808
CMU_016_38,52,1.3,0.13059
CMU_016_39,45,1.125,0.13231
CMU_016_40,61,1.525,0.1332
CMU_016_41,50,1.25,0.11401
CMU_016_42,64,1.6,0.11616
CMU_016_43,67,1.675,0.12972
CMU_016_44,68,1.7,0.12816
CMU_016_45,42,1.05,0.1241
CMU_016_46,42,1.05,0.12291
CMU_016_47,135,3.375,0.15128
CMU_016_48,39,0.975,0.12719
CMU_016_49,39,0.975,0.12252
CMU_016_50,39,0.975,0.12472
CMU_016_51,56,1.4,0.12378
CMU_016_52,53,1.325,0.12207
CMU_016_53,44,1.1,0.11188
CMU_016_54,43,1.075,0.11264
CMU_016_55,57,1.425,0.10625
CMU_016_56,52,1.3,0.11377
CMU_016_57,86,2.15,0.15244
CMU_016_58,110,2.75,0.15571
CMU_017_01,2098,52.45,0.1231
CMU_017_02,2116,52.9,0.1294
CMU_017_03,2114,52.85,0.07816
CMU_017_04,2124,53.1,0.09063
CMU_017_05,2109,52.725,0.12798
CMU_017_06,2062,51.55,0.1126
CMU_017_07,2138,53.45,0.12061
CMU_017_08,2056,51.4,0.14508
CMU_017_09,2023,50.575,0.14695
CMU_017_10,923,23.075,0.08352
CMU_024_01,687,17.175,0.13199
CMU_025_01,536,13.4,0.16789
CMU_026_01,274,6.85,0.1493
CMU_026_02,2015,50.375,0.16921
CMU_026_03,745,18.625,0.17358
CMU_026_04,718,17.95,0.1696
CMU_026_05,1208,30.2,0.15288
CMU_026_06,1197,29.925,0.1701
CMU_026_07,2582,64.55,0.1448
CMU_026_08,2553,63.825,0.14837
CMU_027_01,340,8.5,0.07922
CMU_027_02,1185,29.625,0.17366
CMU_027_03,712,17.8,0.17469
CMU_027_04,1210,30.25,0.14365
CMU_027_05,2570,64.25,0.13913
CMU_027_06,952,23.8,0.17216
CMU_027_07,594,14.85,0.17372
CMU_027_08,1167,29.175,0.15623
CMU_027_09,1255,31.375,0.15093
CMU_029_01,435,10.875,0.16793
CMU_029_02,1036,25.9,0.16966
CMU_029_03,750,18.75,0.16673
CMU_029_04,1274,31.85,0.17101
CMU_029_05,1235,30.875,0.16999
CMU_029_06,2677,66.925,0.16814
CMU_029_07,1046,26.15,0.16907
CMU_029_08,758,18.95,0.16937
CMU_029_09,1241,31.025,0.17211
CMU_029_10,2647,66.175,0.16881
CMU_029_11,1237,30.925,0.16623
CMU_029_12,5005,125.125,0.16936
CMU_029_13,4885,122.125,0.16741
CMU_031_01,1315,32.875,0.15581
CMU_031_02,753,18.825,0.13179
CMU_031_03,1230,30.75,0.12091
CMU_031_06,700,17.5,0.1419
CMU_031_07,1227,30.675,0.14016
CMU_031_08,2617,65.425,0.13753
CMU_032_01,157,3.925,0.14408
CMU_032_02,141,3.525,0.13754
CMU_032_03,1076,26.9,0.16397
CMU_032_04,766,19.15,0.15584
CMU_032_05,1213,30.325,0.1249
CMU_032_06,2613,65.325,0.14124
CMU_032_07,1036,25.9,0.15996
CMU_032_08,742,18.55,0.15799
CMU_032_09,1241,31.025,0.14687
CMU_032_10,2643,66.075,0.15446
CMU_032_11,4891,122.275,0.13603
CMU_035_01,116,2.9,0.15906
CMU_035_02,131,3.275,0.15963
CMU_035_03,139,3.475,0.15904
CMU_035_04,141,3.525,0.15748
CMU_035_05,139,3.475,0.15644
CMU_035_06,142,3.55,0.16099
CMU_035_07,116,2.9,0.16306
CMU_035_08,148,3.7,0.16174
CMU_035_09,124,3.1,0.16327
CMU_035_10,140,3.5,0.16101
CMU_035_11,124,3.1,0.16036
CMU_035_12,129,3.225,0.16258
CMU_035_13,147,3.675,0.16145
CMU_035_14,133,3.325,0.16867
CMU_035_15,131,3.275,0.16343
CMU_035_16,143,3.575,0.16307
CMU_035_17,52,1.3,0.13408
CMU_035_18,55,1.375,0.132
CMU_035_19,50,1.25,0.13091
CMU_035_20,51,1.275,0.13074
CMU_035_21,50,1.25,0.12865
CMU_035_22,52,1.3,0.12993
CMU_035_23,50,1.25,0.13414
CMU_035_24,46,1.15,0.12635
CMU_035_25,51,1.275,0.13504
CMU_035_26,43,1.075,0.12994
CMU_035_27,3265,81.625,0.01255
CMU_035_28,135,3.375,0.15874
CMU_035_29,161,4.025,0.1606
CMU_035_30,134,3.35,0.16101
CMU_035_31,136,3.4,0.15945
CMU_035_32,127,3.175,0.15893
CMU_035_33,136,3.4,0.15662
CMU_035_34,135,3.375,0.15756
CMU_036_02,1420,35.5,0.08564
CMU_036_03,1280,32.0,0.07544
CMU_036_09,1293,32.325,0.11832
CMU_037_01,166,4.15,0.14668
CMU_038_01,114,2.85,0.13832
CMU_038_02,136,3.4,0.14122
CMU_038_03,250,6.25,0.05507
CMU_038_04,2873,71.825,0.11665
CMU_039_11,295,7.375,0.14896
CMU_040_02,1660,41.5,0.16047
CMU_040_03,2059,51.475,0.15927
CMU_040_04,1961,49.025,0.13712
CMU_040_05,2025,50.625,0.14862
CMU_040_10,2067,51.675,0.14126
CMU_040_11,2002,50.05,0.12337
CMU_040_12,2809,70.225,0.15953
CMU_041_02,1459,36.475,0.16496
CMU_041_03,1981,49.525,0.16545
CMU_041_04,2351,58.775,0.15597
CMU_041_05,2404,60.1,0.16807
CMU_041_06,2365,59.125,0.15692
CMU_041_10,1299,32.475,0.16466
CMU_041_11,1047,26.175,0.16279
CMU_045_01,148,3.7,0.14621
CMU_046_01,201,5.025,0.14346
CMU_047_01,436,10.9,0.15849
CMU_049_01,213,5.325,0.15982
CMU_049_02,691,17.275,0.14958
CMU_049_03,497,12.425,0.15648
CMU_049_04,80,2.0,0.09921
CMU_049_05,51,1.275,0.10209
CMU_049_06,157,3.925,0.07283
CMU_049_07,153,3.825,0.0543
CMU_049_08,188,4.7,0.06378
CMU_049_09,635,15.875,0.16577
CMU_049_10,471,11.775,0.15904
CMU_049_11,396,9.9,0.16216
CMU_049_12,373,9.325,0.16564
CMU_049_13,171,4.275,0.16085
CMU_049_14,202,5.05,0.1642
CMU_049_15,312,7.8,0.139
CMU_049_16,375,9.375,0.15712
CMU_049_17,247,6.175,0.16223
CMU_049_18,363,9.075,0.16491
CMU_049_19,315,7.875,0.16431
CMU_049_20,296,7.4,0.16632
CMU_049_22,426,10.65,0.15954
CMU_056_01,499,12.475,0.13766
CMU_056_04,2252,56.3,0.12413
CMU_056_05,2449,61.225,0.14044
CMU_056_06,2258,56.45,0.13994
CMU_056_07,3136,78.4,0.1318
CMU_056_08,1388,34.7,0.12716
CMU_060_02,1396,34.9,0.04547
CMU_060_03,1216,30.4,0.1723
CMU_060_05,1114,27.85,0.17542
CMU_060_12,1123,28.075,0.17159
CMU_060_14,1295,32.375,0.15797
CMU_061_01,1491,37.275,0.11672
CMU_061_02,1396,34.9,0.15205
CMU_061_03,1216,30.4,0.12453
CMU_061_04,1243,31.075,0.14488
CMU_061_05,1114,27.85,0.14195
CMU_061_06,1177,29.425,0.13742
CMU_061_07,1377,34.425,0.14166
CMU_061_08,2277,56.925,0.13732
CMU_061_09,1713,42.825,0.10953
CMU_061_10,794,19.85,0.15089
CMU_061_15,1423,35.575,0.14696
CMU_069_01,153,3.825,0.1466
CMU_069_02,111,2.775,0.14551
CMU_069_03,140,3.5,0.13472
CMU_069_04,139,3.475,0.1505
CMU_069_05,147,3.675,0.13904
CMU_069_06,1734,43.35,0.12203
CMU_069_07,1743,43.575,0.11689
CMU_069_08,1766,44.15,0.11539
CMU_069_09,1699,42.475,0.1179
CMU_069_10,1911,47.775,0.13007
CMU_069_11,1650,41.25,0.12804
CMU_069_12,1603,40.075,0.12458
CMU_069_13,1580,39.5,0.09737
CMU_069_14,1635,40.875,0.13113
CMU_069_15,1497,37.425,0.13446
CMU_069_16,373,9.325,0.14859
CMU_069_17,330,8.25,0.15223
CMU_069_18,347,8.675,0.14749
CMU_069_19,369,9.225,0.14912
CMU_069_20,178,4.45,0.15641
CMU_069_21,199,4.975,0.15983
CMU_069_22,161,4.025,0.15254
CMU_069_23,183,4.575,0.14653
CMU_069_24,139,3.475,0.14628
CMU_069_25,151,3.775,0.14469
CMU_069_26,139,3.475,0.13579
CMU_069_27,137,3.425,0.14216
CMU_069_28,151,3.775,0.15276
CMU_069_29,127,3.175,0.15078
CMU_069_30,125,3.125,0.15535
CMU_069_31,121,3.025,0.13574
CMU_069_32,125,3.125,0.12175
CMU_069_33,130,3.25,0.14496
CMU_069_34,1587,39.675,0.10878
CMU_069_36,1530,38.25,0.13264
CMU_069_37,1441,36.025,0.06741
CMU_069_38,1636,40.9,0.06
CMU_069_39,1490,37.25,0.10326
CMU_069_40,1546,38.65,0.10114
CMU_069_41,1563,39.075,0.12663
CMU_069_42,1701,42.525,0.14631
CMU_069_43,1652,41.3,0.13807
CMU_069_44,1880,47.0,0.10067
CMU_069_45,1581,39.525,0.12662
CMU_069_46,1895,47.375,0.12604
CMU_069_47,1761,44.025,0.11767
CMU_069_48,1670,41.75,0.15199
CMU_069_49,1893,47.325,0.1005
CMU_069_50,171,4.275,0.12994
CMU_069_51,205,5.125,0.13142
CMU_069_52,177,4.425,0.11218
CMU_069_53,147,3.675,0.12578
CMU_069_54,163,4.075,0.08709
CMU_069_55,154,3.85,0.12156
CMU_069_56,253,6.325,0.15224
CMU_069_57,201,5.025,0.15484
CMU_069_58,247,6.175,0.15705
CMU_069_59,231,5.775,0.15257
CMU_069_60,212,5.3,0.15127
CMU_069_61,207,5.175,0.13289
CMU_069_62,214,5.35,0.15493
CMU_069_63,178,4.45,0.15003
CMU_069_64,180,4.5,0.15512
CMU_069_65,218,5.45,0.14982
CMU_069_66,190,4.75,0.15596
CMU_069_67,208,5.2,0.14642
CMU_075_01,248,6.2,0.1147
CMU_075_02,156,3.9,0.1255
CMU_075_03,134,3.35,0.16384
CMU_075_04,189,4.725,0.14818
CMU_075_05,195,4.875,0.12985
CMU_075_06,482,12.05,0.14204
CMU_075_07,742,18.55,0.13673
CMU_075_08,739,18.475,0.1405
CMU_075_09,244,6.1,0.14064
CMU_075_10,180,4.5,0.14472
CMU_075_11,114,2.85,0.15552
CMU_075_12,304,7.6,0.13834
CMU_075_13,244,6.1,0.16206
CMU_075_14,293,7.325,0.15528
CMU_075_15,1159,28.975,0.15367
CMU_076_01,307,7.675,0.1508
CMU_076_02,385,9.625,0.1522
CMU_076_06,221,5.525,0.16106
CMU_076_08,497,12.425,0.16491
CMU_076_09,525,13.125,0.16862
CMU_076_10,451,11.275,0.1716
CMU_076_11,168,4.2,0.16273
CMU_077_02,621,15.525,0.17764
CMU_077_03,652,16.3,0.16661
CMU_077_04,585,14.625,0.16036
CMU_077_10,456,11.4,0.14801
CMU_077_11,210,5.25,0.15863
CMU_077_12,647,16.175,0.15442
CMU_077_13,921,23.025,0.13237
CMU_077_14,656,16.4,0.14432
CMU_077_15,715,17.875,0.1459
CMU_077_16,431,10.775,0.01873
CMU_077_17,475,11.875,0.03392
CMU_077_18,565,14.125,0.0456
CMU_077_21,870,21.75,0.17483
CMU_077_27,481,12.025,0.17162
CMU_077_28,1976,49.4,0.14748
CMU_077_29,1399,34.975,0.14114
CMU_077_30,837,20.925,0.15833
CMU_077_31,1400,35.0,0.14959
CMU_077_32,1258,31.45,0.15874
CMU_077_33,1994,49.85,0.1447
CMU_077_34,743,18.575,0.16152
CMU_078_01,52,1.3,0.12475
CMU_078_02,88,2.2,0.1369
CMU_078_03,55,1.375,0.13265
CMU_078_04,46,1.15,0.0823
CMU_078_05,52,1.3,0.11693
CMU_078_07,43,1.075,0.12933
CMU_078_09,46,1.15,0.1054
CMU_078_10,43,1.075,0.12605
CMU_078_13,55,1.375,0.12124
CMU_078_14,53,1.325,0.11758
CMU_078_15,46,1.15,0.11908
CMU_078_16,62,1.55,0.12183
CMU_078_17,56,1.4,0.10362
CMU_078_18,67,1.675,0.11149
CMU_078_19,55,1.375,0.11202
CMU_078_20,73,1.825,0.13462
CMU_078_21,71,1.775,0.11069
CMU_078_22,199,4.975,0.14752
CMU_078_23,169,4.225,0.14127
CMU_078_24,79,1.975,0.1357
CMU_078_25,115,2.875,0.15332
CMU_078_26,105,2.625,0.11056
CMU_078_27,94,2.35,0.14104
CMU_078_28,146,3.65,0.12907
CMU_078_29,53,1.325,0.10585
CMU_078_30,231,5.775,0.07238
CMU_078_31,262,6.55,0.13694
CMU_078_32,68,1.7,0.13005
CMU_078_33,73,1.825,0.09835
CMU_082_08,562,14.05,0.15879
CMU_082_09,427,10.675,0.16301
CMU_082_10,184,4.6,0.15059
CMU_082_11,228,5.7,0.14983
CMU_082_14,298,7.45,0.15807
CMU_082_15,235,5.875,0.15415
CMU_083_18,152,3.8,0.17517
CMU_083_19,166,4.15,0.17577
CMU_083_20,171,4.275,0.18269
CMU_083_21,169,4.225,0.17408
CMU_083_33,427,10.675,0.17696
CMU_083_36,350,8.75,0.17275
CMU_083_37,315,7.875,0.17474
CMU_083_38,332,8.3,0.17273
CMU_083_39,320,8.0,0.17303
CMU_083_40,172,4.3,0.17499
CMU_083_41,153,3.825,0.17144
CMU_083_42,176,4.4,0.18236
CMU_083_43,195,4.875,0.14507
CMU_083_44,217,5.425,0.16844
CMU_083_45,161,4.025,0.16973
CMU_083_46,163,4.075,0.16612
CMU_083_48,145,3.625,0.1712
CMU_083_49,148,3.7,0.17368
CMU_083_51,193,4.825,0.15729
CMU_083_52,165,4.125,0.15514
CMU_083_53,176,4.4,0.17072
CMU_083_54,136,3.4,0.12448
CMU_083_55,242,6.05,0.17537
CMU_083_56,163,4.075,0.15074
CMU_083_57,133,3.325,0.14472
CMU_083_58,117,2.925,0.11484
CMU_083_59,196,4.9,0.13189
CMU_083_60,131,3.275,0.15947
CMU_083_61,164,4.1,0.13993
CMU_083_62,154,3.85,0.05888
CMU_083_63,225,5.625,0.17298
CMU_083_64,189,4.725,0.14512
CMU_083_65,130,3.25,0.17105
CMU_083_66,220,5.5,0.17852
CMU_083_67,221,5.525,0.1702
CMU_086_01,1522,38.05,0.07657
CMU_086_02,3535,88.375,0.05235
CMU_086_03,2797,69.925,0.03919
CMU_086_07,2896,72.4,0.04986
CMU_086_08,3064,76.6,0.06716
CMU_086_11,1887,47.175,0.10291
CMU_086_14,2014,50.35,0.09375
CMU_090_06,205,5.125,0.10836
CMU_090_07,295,7.375,0.13647
CMU_091_01,909,22.725,0.1452
CMU_091_02,579,14.475,0.1354
CMU_091_03,617,15.425,0.13535
CMU_091_04,717,17.925,0.12818
CMU_091_05,896,22.4,0.14533
CMU_091_06,42,1.05,0.15103
CMU_091_07,856,21.4,0.14593
CMU_091_08,1321,33.025,0.16066
CMU_091_10,1054,26.35,0.15223
CMU_091_11,617,15.425,0.13304
CMU_091_12,736,18.4,0.12585
CMU_091_13,982,24.55,0.12458
CMU_091_14,919,22.975,0.16175
CMU_091_15,1027,25.675,0.06454
CMU_091_16,627,15.675,0.11177
CMU_091_17,502,12.55,0.14908
CMU_091_18,1117,27.925,0.11566
CMU_091_19,625,15.625,0.14338
CMU_091_20,921,23.025,0.13207
CMU_091_21,1286,32.15,0.16667
CMU_091_22,698,17.45,0.13826
CMU_091_23,885,22.125,0.14894
CMU_091_24,1264,31.6,0.15452
CMU_091_25,1042,26.05,0.15289
CMU_091_26,691,17.275,0.15065
CMU_091_27,961,24.025,0.15079
CMU_091_28,1099,27.475,0.07841
CMU_091_29,723,18.075,0.15715
CMU_091_30,1042,26.05,0.11356
CMU_091_31,661,16.525,0.15455
CMU_091_32,1238,30.95,0.12672
CMU_091_33,896,22.4,0.09434
CMU_091_34,733,18.325,0.1514
CMU_091_35,1013,25.325,0.15893
CMU_091_36,292,7.3,0.14609
CMU_091_37,101,2.525,0.15762
CMU_091_38,148,3.7,0.15746
CMU_091_39,145,3.625,0.15449
CMU_091_40,153,3.825,0.16243
CMU_091_41,164,4.1,0.16231
CMU_091_42,183,4.575,0.16119
CMU_091_43,71,1.775,0.15416
CMU_091_44,109,2.725,0.16204
CMU_091_45,120,3.0,0.1625
CMU_091_46,104,2.6,0.15844
CMU_091_47,153,3.825,0.16058
CMU_091_48,142,3.55,0.16142
CMU_091_49,157,3.925,0.15958
CMU_091_50,217,5.425,0.16574
CMU_091_51,158,3.95,0.16551
CMU_091_52,166,4.15,0.16564
CMU_091_53,181,4.525,0.15439
CMU_091_54,223,5.575,0.14215
CMU_091_55,152,3.8,0.15841
CMU_091_56,163,4.075,0.1608
CMU_091_57,388,9.7,0.15141
CMU_091_58,160,4.0,0.14147
CMU_091_59,100,2.5,0.16564
CMU_091_60,118,2.95,0.15781
CMU_091_61,117,2.925,0.16121
CMU_091_62,613,15.325,0.11409
CMU_104_53,95,2.375,0.02582
CMU_104_54,79,1.975,0.01966
CMU_104_55,164,4.1,0.04121
CMU_104_56,118,2.95,0.15855
CMU_104_57,124,3.1,0.1558
CMU_105_01,909,22.725,0.1452
CMU_105_02,579,14.475,0.1354
CMU_105_03,617,15.425,0.13535
CMU_105_04,717,17.925,0.12818
CMU_105_05,896,22.4,0.14533
CMU_105_07,856,21.4,0.14593
CMU_105_08,1321,33.025,0.16066
CMU_105_10,1054,26.35,0.15223
CMU_105_17,502,12.55,0.14908
CMU_105_18,1117,27.925,0.11566
CMU_105_19,625,15.625,0.14338
CMU_105_20,921,23.025,0.13207
CMU_105_22,698,17.45,0.13826
CMU_105_29,723,18.075,0.15715
CMU_105_31,661,16.525,0.15455
CMU_105_34,733,18.325,0.1514
CMU_105_36,292,7.3,0.14609
CMU_105_37,101,2.525,0.15762
CMU_105_38,148,3.7,0.15746
CMU_105_39,145,3.625,0.15449
CMU_105_40,153,3.825,0.16243
CMU_105_41,164,4.1,0.16231
CMU_105_42,183,4.575,0.16119
CMU_105_43,71,1.775,0.15416
CMU_105_44,109,2.725,0.16204
CMU_105_45,120,3.0,0.1625
CMU_105_46,104,2.6,0.15844
CMU_105_47,153,3.825,0.16058
CMU_105_48,142,3.55,0.16142
CMU_105_49,157,3.925,0.15958
CMU_105_50,217,5.425,0.16574
CMU_105_51,158,3.95,0.16551
CMU_105_52,166,4.15,0.16564
CMU_105_53,181,4.525,0.15439
CMU_105_54,223,5.575,0.14215
CMU_105_55,152,3.8,0.15841
CMU_105_56,163,4.075,0.1608
CMU_105_57,388,9.7,0.15141
CMU_105_58,160,4.0,0.14147
CMU_105_59,100,2.5,0.16564
CMU_105_60,118,2.95,0.15781
CMU_105_61,117,2.925,0.16121
CMU_105_62,613,15.325,0.11409
CMU_107_01,173,4.325,0.14251
CMU_107_02,225,5.625,0.13673
CMU_107_03,168,4.2,0.13799
CMU_107_04,141,3.525,0.14249
CMU_107_05,140,3.5,0.13536
CMU_107_06,120,3.0,0.12819
CMU_107_07,168,4.2,0.13144
CMU_107_08,272,6.8,0.08645
CMU_107_09,205,5.125,0.14583
CMU_107_11,196,4.9,0.13487
CMU_107_12,81,2.025,0.14916
CMU_107_13,68,1.7,0.13963
CMU_107_14,143,3.575,0.15763
CMU_108_01,237,5.925,0.13611
CMU_108_02,377,9.425,0.1279
CMU_108_03,405,10.125,0.13025
CMU_108_04,57,1.425,0.09284
CMU_108_05,57,1.425,0.09718
CMU_108_06,60,1.5,0.10015
CMU_108_07,70,1.75,0.10135
CMU_108_08,71,1.775,0.08963
CMU_108_09,80,2.0,0.12433
CMU_108_12,42,1.05,0.0923
CMU_108_13,49,1.225,0.09889
CMU_108_14,55,1.375,0.09188
CMU_108_17,73,1.825,0.0822
CMU_108_18,79,1.975,0.08625
CMU_108_19,81,2.025,0.08838
CMU_108_20,90,2.25,0.12149
CMU_108_21,161,4.025,0.11033
CMU_108_22,151,3.775,0.11939
CMU_108_23,218,5.45,0.09183
CMU_108_24,173,4.325,0.10688
CMU_108_25,200,5.0,0.09552
CMU_108_26,181,4.525,0.08654
CMU_108_27,136,3.4,0.10987
CMU_108_28,117,2.925,0.09763
CMU_114_13,1040,26.0,0.15746
CMU_114_14,1947,48.675,0.15245
CMU_114_15,458,11.45,0.16061
CMU_118_01,235,5.875,0.15323
CMU_118_02,225,5.625,0.14996
CMU_118_03,161,4.025,0.15215
CMU_118_04,211,5.275,0.15028
CMU_118_05,232,5.8,0.15232
CMU_118_06,177,4.425,0.15306
CMU_118_07,229,5.725,0.15168
CMU_118_08,211,5.275,0.15193
CMU_118_09,157,3.925,0.14989
CMU_118_10,171,4.275,0.15341
CMU_118_11,226,5.65,0.1528
CMU_118_12,232,5.8,0.15115
CMU_118_13,223,5.575,0.1535
CMU_118_14,251,6.275,0.15247
CMU_118_15,210,5.25,0.15008
CMU_118_16,217,5.425,0.15124
CMU_118_17,212,5.3,0.14814
CMU_118_18,194,4.85,0.14874
CMU_118_19,200,5.0,0.14671
CMU_118_20,182,4.55,0.1512
CMU_118_21,248,6.2,0.14851
CMU_118_22,212,5.3,0.14728
CMU_118_23,214,5.35,0.14661
CMU_118_24,232,5.8,0.15159
CMU_118_25,191,4.775,0.15017
CMU_118_26,213,5.325,0.1507
CMU_118_27,214,5.35,0.14411
CMU_118_28,229,5.725,0.14796
CMU_118_29,190,4.75,0.14954
CMU_118_30,271,6.775,0.15714
CMU_118_32,622,15.55,0.14901
CMU_120_20,3574,89.35,0.16914
CMU_124_03,316,7.9,0.15069
CMU_124_04,238,5.95,0.15932
CMU_124_05,259,6.475,0.1493
CMU_124_06,228,5.7,0.12594
CMU_127_02,583,14.575,0.15037
CMU_127_03,106,2.65,0.14102
CMU_127_04,145,3.625,0.15621
CMU_127_05,125,3.125,0.13589
CMU_127_06,53,1.325,0.09713
CMU_127_07,45,1.125,0.10222
CMU_127_08,43,1.075,0.09427
CMU_127_09,62,1.55,0.12526
CMU_127_10,52,1.3,0.11523
CMU_127_11,63,1.575,0.1282
CMU_127_12,55,1.375,0.12546
CMU_127_13,58,1.45,0.11299
CMU_127_14,46,1.15,0.11367
CMU_127_15,51,1.275,0.11004
CMU_127_16,82,2.05,0.1087
CMU_127_17,123,3.075,0.1272
CMU_127_18,127,3.175,0.12202
CMU_127_19,142,3.55,0.11908
CMU_127_20,116,2.9,0.1114
CMU_127_21,115,2.875,0.04388
CMU_127_22,116,2.9,0.09929
CMU_127_23,112,2.8,0.08376
CMU_127_24,109,2.725,0.06088
CMU_127_25,73,1.825,0.07395
CMU_127_26,79,1.975,0.10043
CMU_127_27,79,1.975,0.10788
CMU_127_28,69,1.725,0.09079
CMU_127_29,65,1.625,0.07862
CMU_127_30,76,1.9,0.07194
CMU_127_31,168,4.2,0.12212
CMU_127_32,105,2.625,0.11294
CMU_127_37,110,2.75,0.12496
CMU_127_38,60,1.5,0.0915
CMU_128_02,52,1.3,0.12132
CMU_128_03,51,1.275,0.11307
CMU_128_04,42,1.05,0.09754
CMU_128_05,65,1.625,0.10835
CMU_128_06,62,1.55,0.13066
CMU_128_07,111,2.775,0.13451
CMU_128_08,106,2.65,0.1327
CMU_128_09,53,1.325,0.01493
CMU_128_10,139,3.475,0.02269
CMU_128_11,122,3.05,0.0
CMU_132_01,467,11.675,0.15204
CMU_132_02,376,9.4,0.15467
CMU_132_03,489,12.225,0.14587
CMU_132_04,446,11.15,0.14407
CMU_132_05,435,10.875,0.15029
CMU_132_06,439,10.975,0.14982
CMU_132_07,297,7.425,0.15627
CMU_132_08,481,12.025,0.1533
CMU_132_09,391,9.775,0.15374
CMU_132_10,537,13.425,0.15369
CMU_132_11,532,13.3,0.15708
CMU_132_12,523,13.075,0.15382
CMU_132_13,3168,79.2,0.15184
CMU_132_14,2206,55.15,0.14411
CMU_132_15,2177,54.425,0.13537
CMU_132_16,3098,77.45,0.10019
CMU_132_17,86,2.15,0.12651
CMU_132_18,137,3.425,0.13585
CMU_132_19,87,2.175,0.15318
CMU_132_20,110,2.75,0.14578
CMU_132_21,115,2.875,0.15077
CMU_132_22,120,3.0,0.13677
CMU_132_23,244,6.1,0.12367
CMU_132_24,243,6.075,0.13576
CMU_132_25,182,4.55,0.14075
CMU_132_26,208,5.2,0.1321
CMU_132_27,238,5.95,0.13269
CMU_132_28,236,5.9,0.13156
CMU_132_29,255,6.375,0.14247
CMU_132_30,258,6.45,0.12743
CMU_132_31,236,5.9,0.14469
CMU_132_32,211,5.275,0.11747
CMU_132_33,133,3.325,0.12056
CMU_132_34,169,4.225,0.12871
CMU_132_35,418,10.45,0.15267
CMU_132_36,1294,32.35,0.14542
CMU_132_37,2240,56.0,0.12583
CMU_132_38,56,1.4,0.13201
CMU_132_39,2079,51.975,0.13099
CMU_132_40,279,6.975,0.14094
CMU_132_41,2116,52.9,0.15263
CMU_132_42,226,5.65,0.13213
CMU_132_43,265,6.625,0.12913
CMU_132_44,1731,43.275,0.14001
CMU_132_45,507,12.675,0.14871
CMU_132_46,404,10.1,0.15275
CMU_132_47,500,12.5,0.14267
CMU_132_48,538,13.45,0.14864
CMU_132_49,579,14.475,0.15074
CMU_132_50,709,17.725,0.14602
CMU_132_51,55,1.375,0.14914
CMU_132_52,441,11.025,0.14327
CMU_132_53,2163,54.075,0.12084
CMU_132_54,2006,50.15,0.1357
CMU_132_55,1028,25.7,0.13703
CMU_133_03,416,10.4,0.16491
CMU_133_04,258,6.45,0.15981
CMU_133_05,321,8.025,0.16113
CMU_133_06,290,7.25,0.15798
CMU_133_07,323,8.075,0.16202
CMU_133_08,406,10.15,0.16762
CMU_133_10,437,10.925,0.13994
CMU_133_11,350,8.75,0.16305
CMU_133_12,320,8.0,0.16109
CMU_133_13,376,9.4,0.16339
CMU_133_14,292,7.3,0.16001
CMU_133_15,292,7.3,0.14762
CMU_133_16,165,4.125,0.15406
CMU_133_17,189,4.725,0.16146
CMU_133_18,153,3.825,0.14151
CMU_133_19,274,6.85,0.16882
CMU_133_20,360,9.0,0.15373
CMU_133_21,259,6.475,0.16449
CMU_133_22,249,6.225,0.16298
CMU_133_23,279,6.975,0.16505
CMU_133_24,312,7.8,0.16181
CMU_139_04,291,7.275,0.15981
CMU_139_10,226,5.65,0.14659
CMU_139_11,103,2.575,0.15729
CMU_139_12,322,8.05,0.15291
CMU_139_13,459,11.475,0.13738
CMU_139_14,326,8.15,0.14504
CMU_139_15,356,8.9,0.14477
CMU_139_16,214,5.35,0.01799
CMU_139_17,236,5.9,0.03144
CMU_139_18,280,7.0,0.04231
CMU_139_21,433,10.825,0.1744
CMU_139_28,986,24.65,0.14701
CMU_140_01,273,6.825,0.06993
CMU_140_02,309,7.725,0.14022
CMU_140_08,296,7.4,0.16385
CMU_140_09,268,6.7,0.16553
CMU_143_01,30,0.75,0.13361
CMU_143_02,65,1.625,0.13849
CMU_143_03,76,1.9,0.14735
CMU_143_04,358,8.95,0.14839
CMU_143_05,109,2.725,0.16526
CMU_143_06,127,3.175,0.17039
CMU_143_07,182,4.55,0.16576
CMU_143_08,125,3.125,0.12262
CMU_143_09,178,4.45,0.16523
CMU_143_14,238,5.95,0.1406
CMU_143_15,232,5.8,0.12813
CMU_143_16,200,5.0,0.14762
CMU_143_29,356,8.9,0.16411
CMU_143_32,256,6.4,0.149
CMU_143_39,357,8.925,0.16471
CMU_143_40,319,7.975,0.16583
CMU_143_41,385,9.625,0.16094
CMU_143_42,175,4.375,0.12918
